hour,num_comments
2024-11-01T00:00:00Z,1406
2024-11-01T01:00:00Z,1769
2024-11-01T02:00:00Z,1736
2024-11-01T03:00:00Z,1287
2024-11-01T04:00:00Z,1349
2024-11-01T05:00:00Z,897
2024-11-01T06:00:00Z,608
2024-11-01T07:00:00Z,460
2024-11-01T08:00:00Z,419
2024-11-01T09:00:00Z,484
2024-11-01T10:00:00Z,760
2024-11-01T11:00:00Z,1158
2024-11-01T12:00:00Z,1886
2024-11-01T13:00:00Z,1929
2024-11-01T14:00:00Z,2213
2024-11-01T15:00:00Z,2550
2024-11-01T16:00:00Z,2661
2024-11-01T17:00:00Z,2375
2024-11-01T18:00:00Z,2206
2024-11-01T19:00:00Z,2312
2024-11-01T20:00:00Z,2336
2024-11-01T21:00:00Z,2315
2024-11-01T22:00:00Z,2268
2024-11-01T23:00:00Z,1970
2024-11-02T00:00:00Z,1816
2024-11-02T01:00:00Z,1668
2024-11-02T02:00:00Z,1694
2024-11-02T03:00:00Z,1460
2024-11-02T04:00:00Z,1058
2024-11-02T05:00:00Z,832
2024-11-02T06:00:00Z,584
2024-11-02T07:00:00Z,470
2024-11-02T08:00:00Z,355
2024-11-02T09:00:00Z,357
2024-11-02T10:00:00Z,465
2024-11-02T11:00:00Z,740
2024-11-02T12:00:00Z,1333
2024-11-02T13:00:00Z,1551
2024-11-02T14:00:00Z,2026
2024-11-02T15:00:00Z,1699
2024-11-02T16:00:00Z,1802
2024-11-02T17:00:00Z,1916
2024-11-02T18:00:00Z,1970
2024-11-02T19:00:00Z,1967
2024-11-02T20:00:00Z,1979
2024-11-02T21:00:00Z,1864
2024-11-02T22:00:00Z,1873
2024-11-02T23:00:00Z,2188
2024-11-03T00:00:00Z,2115
2024-11-03T01:00:00Z,2012
2024-11-03T02:00:00Z,1843
2024-11-03T03:00:00Z,1582
2024-11-03T04:00:00Z,1454
2024-11-03T05:00:00Z,1006
2024-11-03T06:00:00Z,709
2024-11-03T07:00:00Z,518
2024-11-03T08:00:00Z,358
2024-11-03T09:00:00Z,302
2024-11-03T10:00:00Z,402
2024-11-03T11:00:00Z,668
2024-11-03T12:00:00Z,986
2024-11-03T13:00:00Z,1613
2024-11-03T14:00:00Z,2004
2024-11-03T15:00:00Z,2171
2024-11-03T16:00:00Z,2202
2024-11-03T17:00:00Z,2474
2024-11-03T18:00:00Z,2109
2024-11-03T19:00:00Z,2092
2024-11-03T20:00:00Z,2060
2024-11-03T21:00:00Z,1832
2024-11-03T22:00:00Z,1821
2024-11-03T23:00:00Z,1899
2024-11-04T00:00:00Z,1827
2024-11-04T01:00:00Z,1851
2024-11-04T02:00:00Z,1685
2024-11-04T03:00:00Z,1635
2024-11-04T04:00:00Z,1161
2024-11-04T05:00:00Z,944
2024-11-04T06:00:00Z,637
2024-11-04T07:00:00Z,420
2024-11-04T08:00:00Z,439
2024-11-04T09:00:00Z,330
2024-11-04T10:00:00Z,551
2024-11-04T11:00:00Z,902
2024-11-04T12:00:00Z,1663
2024-11-04T13:00:00Z,2096
2024-11-04T14:00:00Z,2195
2024-11-04T15:00:00Z,2520
2024-11-04T16:00:00Z,2502
2024-11-04T17:00:00Z,2977
2024-11-04T18:00:00Z,2829
2024-11-04T19:00:00Z,2903
2024-11-04T20:00:00Z,2968
2024-11-04T21:00:00Z,2795
2024-11-04T22:00:00Z,2689
2024-11-04T23:00:00Z,2513
2024-11-05T00:00:00Z,2214
2024-11-05T01:00:00Z,2113
2024-11-05T02:00:00Z,2491
2024-11-05T03:00:00Z,2266
2024-11-05T04:00:00Z,1939
2024-11-05T05:00:00Z,1976
2024-11-05T06:00:00Z,1483
2024-11-05T07:00:00Z,1313
2024-11-05T08:00:00Z,920
2024-11-05T09:00:00Z,717
2024-11-05T10:00:00Z,1091
2024-11-05T11:00:00Z,1482
2024-11-05T12:00:00Z,2178
2024-11-05T13:00:00Z,2324
2024-11-05T14:00:00Z,2620
2024-11-05T15:00:00Z,3150
2024-11-05T16:00:00Z,3166
2024-11-05T17:00:00Z,3944
2024-11-05T18:00:00Z,4191
2024-11-05T19:00:00Z,3980
2024-11-05T20:00:00Z,4189
2024-11-05T21:00:00Z,4192
2024-11-05T22:00:00Z,3580
2024-11-05T23:00:00Z,3846
2024-11-06T00:00:00Z,4119
2024-11-06T01:00:00Z,5667
2024-11-06T02:00:00Z,6201
2024-11-06T03:00:00Z,8374
2024-11-06T04:00:00Z,8443
2024-11-06T05:00:00Z,9690
2024-11-06T06:00:00Z,12153
2024-11-06T07:00:00Z,11594
2024-11-06T08:00:00Z,9335
2024-11-06T09:00:00Z,6693
2024-11-06T10:00:00Z,5540
2024-11-06T11:00:00Z,4295
2024-11-06T12:00:00Z,4477
2024-11-06T13:00:00Z,4755
2024-11-06T14:00:00Z,4718
2024-11-06T15:00:00Z,5239
2024-11-06T16:00:00Z,4983
2024-11-06T17:00:00Z,4145
2024-11-06T18:00:00Z,4680
2024-11-06T19:00:00Z,4557
2024-11-06T20:00:00Z,4265
2024-11-06T21:00:00Z,4071
2024-11-06T22:00:00Z,3811
2024-11-06T23:00:00Z,3654
2024-11-07T00:00:00Z,3047
2024-11-07T01:00:00Z,2497
2024-11-07T02:00:00Z,2498
2024-11-07T03:00:00Z,2015
2024-11-07T04:00:00Z,1811
2024-11-07T05:00:00Z,1481
2024-11-07T06:00:00Z,1191
2024-11-07T07:00:00Z,1023
2024-11-07T08:00:00Z,733
2024-11-07T09:00:00Z,699
2024-11-07T10:00:00Z,786
2024-11-07T11:00:00Z,947
2024-11-07T12:00:00Z,1475
2024-11-07T13:00:00Z,1802
2024-11-07T14:00:00Z,2359
2024-11-07T15:00:00Z,2915
2024-11-07T16:00:00Z,3201
2024-11-07T17:00:00Z,3489
2024-11-07T18:00:00Z,3241
2024-11-07T19:00:00Z,3059
2024-11-07T20:00:00Z,3213
2024-11-07T21:00:00Z,2927
2024-11-07T22:00:00Z,2764
2024-11-07T23:00:00Z,2493
2024-11-08T00:00:00Z,2306
2024-11-08T01:00:00Z,2331
2024-11-08T02:00:00Z,2227
2024-11-08T03:00:00Z,2054
2024-11-08T04:00:00Z,1796
2024-11-08T05:00:00Z,1447
2024-11-08T06:00:00Z,1045
2024-11-08T07:00:00Z,824
2024-11-08T08:00:00Z,655
2024-11-08T09:00:00Z,538
2024-11-08T10:00:00Z,567
2024-11-08T11:00:00Z,733
2024-11-08T12:00:00Z,1238
2024-11-08T13:00:00Z,1976
2024-11-08T14:00:00Z,2404
2024-11-08T15:00:00Z,2280
2024-11-08T16:00:00Z,2828
2024-11-08T17:00:00Z,2825
2024-11-08T18:00:00Z,2828
2024-11-08T19:00:00Z,2373
2024-11-08T20:00:00Z,2283
2024-11-08T21:00:00Z,2220
2024-11-08T22:00:00Z,1948
2024-11-08T23:00:00Z,1999
2024-11-09T00:00:00Z,1990
2024-11-09T01:00:00Z,1925
2024-11-09T02:00:00Z,1565
2024-11-09T03:00:00Z,1416
2024-11-09T04:00:00Z,1421
2024-11-09T05:00:00Z,1331
2024-11-09T06:00:00Z,1050
2024-11-09T07:00:00Z,783
2024-11-09T08:00:00Z,665
2024-11-09T09:00:00Z,498
2024-11-09T10:00:00Z,509
2024-11-09T11:00:00Z,612
2024-11-09T12:00:00Z,919
2024-11-09T13:00:00Z,1466
2024-11-09T14:00:00Z,1765
2024-11-09T15:00:00Z,1944
2024-11-09T16:00:00Z,2057
2024-11-09T17:00:00Z,1894
2024-11-09T18:00:00Z,2153
2024-11-09T19:00:00Z,2001
2024-11-09T20:00:00Z,1788
2024-11-09T21:00:00Z,1720
2024-11-09T22:00:00Z,1833
2024-11-09T23:00:00Z,1780
2024-11-10T00:00:00Z,1572
2024-11-10T01:00:00Z,1518
2024-11-10T02:00:00Z,1652
2024-11-10T03:00:00Z,1326
2024-11-10T04:00:00Z,1350
2024-11-10T05:00:00Z,1082
2024-11-10T06:00:00Z,809
2024-11-10T07:00:00Z,665
2024-11-10T08:00:00Z,580
2024-11-10T09:00:00Z,500
2024-11-10T10:00:00Z,573
2024-11-10T11:00:00Z,577
2024-11-10T12:00:00Z,863
2024-11-10T13:00:00Z,1285
2024-11-10T14:00:00Z,1159
2024-11-10T15:00:00Z,1497
2024-11-10T16:00:00Z,1921
2024-11-10T17:00:00Z,1684
2024-11-10T18:00:00Z,2130
2024-11-10T19:00:00Z,2141
2024-11-10T20:00:00Z,2249
2024-11-10T21:00:00Z,1884
2024-11-10T22:00:00Z,1586
2024-11-10T23:00:00Z,1621
2024-11-11T00:00:00Z,1664
2024-11-11T01:00:00Z,1690
2024-11-11T02:00:00Z,1679
2024-11-11T03:00:00Z,1419
2024-11-11T04:00:00Z,1290
2024-11-11T05:00:00Z,948
2024-11-11T06:00:00Z,677
2024-11-11T07:00:00Z,480
2024-11-11T08:00:00Z,348
2024-11-11T09:00:00Z,264
2024-11-11T10:00:00Z,339
2024-11-11T11:00:00Z,450
2024-11-11T12:00:00Z,794
2024-11-11T13:00:00Z,1282
2024-11-11T14:00:00Z,1309
2024-11-11T15:00:00Z,1617
2024-11-11T16:00:00Z,1718
2024-11-11T17:00:00Z,1874
2024-11-11T18:00:00Z,1869
2024-11-11T19:00:00Z,1757
2024-11-11T20:00:00Z,1720
2024-11-11T21:00:00Z,1960
2024-11-11T22:00:00Z,1808
2024-11-11T23:00:00Z,1668
2024-11-12T00:00:00Z,1511
2024-11-12T01:00:00Z,1709
2024-11-12T02:00:00Z,1699
2024-11-12T03:00:00Z,1250
2024-11-12T04:00:00Z,1021
2024-11-12T05:00:00Z,800
2024-11-12T06:00:00Z,651
2024-11-12T07:00:00Z,595
2024-11-12T08:00:00Z,417
2024-11-12T09:00:00Z,305
2024-11-12T10:00:00Z,364
2024-11-12T11:00:00Z,520
2024-11-12T12:00:00Z,836
2024-11-12T13:00:00Z,1335
2024-11-12T14:00:00Z,1498
2024-11-12T15:00:00Z,1765
2024-11-12T16:00:00Z,1655
2024-11-12T17:00:00Z,1367
2024-11-12T18:00:00Z,1509
2024-11-12T19:00:00Z,1732
2024-11-12T20:00:00Z,1953
2024-11-12T21:00:00Z,1781
2024-11-12T22:00:00Z,1686
2024-11-12T23:00:00Z,1854
2024-11-13T00:00:00Z,2006
2024-11-13T01:00:00Z,2105
2024-11-13T02:00:00Z,1533
2024-11-13T03:00:00Z,1170
2024-11-13T04:00:00Z,1033
2024-11-13T05:00:00Z,824
2024-11-13T06:00:00Z,589
2024-11-13T07:00:00Z,409
2024-11-13T08:00:00Z,348
2024-11-13T09:00:00Z,383
2024-11-13T10:00:00Z,376
2024-11-13T11:00:00Z,591
2024-11-13T12:00:00Z,820
2024-11-13T13:00:00Z,1141
2024-11-13T14:00:00Z,1642
2024-11-13T15:00:00Z,1527
2024-11-13T16:00:00Z,1793
2024-11-13T17:00:00Z,2197
2024-11-13T18:00:00Z,2090
2024-11-13T19:00:00Z,1886
2024-11-13T20:00:00Z,2703
2024-11-13T21:00:00Z,2649
2024-11-13T22:00:00Z,1833
2024-11-13T23:00:00Z,1696
2024-11-14T00:00:00Z,1547
2024-11-14T01:00:00Z,1389
2024-11-14T02:00:00Z,1282
2024-11-14T03:00:00Z,1227
2024-11-14T04:00:00Z,954
2024-11-14T05:00:00Z,792
2024-11-14T06:00:00Z,576
2024-11-14T07:00:00Z,452
2024-11-14T08:00:00Z,383
2024-11-14T09:00:00Z,365
2024-11-14T10:00:00Z,382
2024-11-14T11:00:00Z,532
2024-11-14T12:00:00Z,808
2024-11-14T13:00:00Z,1076
2024-11-14T14:00:00Z,1531
2024-11-14T15:00:00Z,1711
2024-11-14T16:00:00Z,1657
2024-11-14T17:00:00Z,1533
2024-11-14T18:00:00Z,1702
2024-11-14T19:00:00Z,1784
2024-11-14T20:00:00Z,1765
2024-11-14T21:00:00Z,2286
2024-11-14T22:00:00Z,1929
2024-11-14T23:00:00Z,1618
